7,小麦ETF,小麦ETF,TSE,1695.T
7,野村原油,野村原油,TSE,1699.T
7,安藤ハザマ,安藤ハザマ,TSE,1719.T
7,東急建設,東急建設,TSE,1720.T
7,コムシスHD,コムシスHD,TSE,1721.T
7,MISAWA,MISAWA,TSE,1722.T
7,大成建,大成建,TSE,1801.T
7,大林組,大林組,TSE,1802.T
7,清水建,清水建,TSE,1803.T
7,飛島建,飛島建,TSE,1805.T
7,長谷工,長谷工,TSE,1808.T
7,鹿島,鹿島,TSE,1812.T
7,不動テトラ,不動テトラ,TSE,1813.T
7,鉄建建設,鉄建建設,TSE,1815.T
7,西松建,西松建,TSE,1820.T
7,三住建設,三住建設,TSE,1821.T
7,大豊建,大豊建,TSE,1822.T
7,前田建,前田建,TSE,1824.T
7,ナカノフドー,ナカノフドー,TSE,1827.T
7,奥村組,奥村組,TSE,1833.T
7,東鉄工,東鉄工,TSE,1835.T
7,浅沼組,浅沼組,TSE,1852.T
7,戸田建,戸田建,TSE,1860.T
7,熊谷組,熊谷組,TSE,1861.T
7,北野建,北野建,TSE,1866.T
7,PS三菱,PS三菱,TSE,1871.T
7,日ハウスHD,日ハウスHD,TSE,1873.T
7,大東建,大東建,TSE,1878.T
7,新日建,新日建,TSE,1879.T
7,NIPPO,NIPPO,TSE,1881.T
7,前田道,前田道,TSE,1883.T
7,東亜建,東亜建,TSE,1885.T
7,若築建,若築建,TSE,1888.T
7,東洋建,東洋建,TSE,1890.T
7,五洋建,五洋建,TSE,1893.T
7,世紀東,世紀東,TSE,1898.T
7,住友林,住友林,TSE,1911.T
7,日ビルド,日ビルド,TSE,1916.T
7,ヤマダSXL,ヤマダSXL,TSE,1919.T
7,巴コーポ,巴コーポ,TSE,1921.T
7,大和ハウス,大和ハウス,TSE,1925.T
7,ライト工,ライト工,TSE,1926.T
7,積水ハウス,積水ハウス,TSE,1928.T
7,日特建,日特建,TSE,1929.T
7,ユアテック,ユアテック,TSE,1934.T
7,中電工,中電工,TSE,1941.T
7,関電工,関電工,TSE,1942.T
7,きんでん,きんでん,TSE,1944.T
7,住電設,住電設,TSE,1949.T
7,日本電設,日本電設,TSE,1950.T
7,協エクシオ,協エクシオ,TSE,1951.T
7,日工営,日工営,TSE,1954.T
7,九電工,九電工,TSE,1959.T
7,三機工,三機工,TSE,1961.T
7,日揮,日揮,TSE,1963.T
7,太平電,太平電,TSE,1968.T
7,高砂熱,高砂熱,TSE,1969.T
7,NESIC,NESIC,TSE,1973.T
7,大気社,大気社,TSE,1979.T
7,東芝プラ,東芝プラ,TSE,1983.T
7,日本粉,日本粉,TSE,2001.T
7,日清粉G,日清粉G,TSE,2002.T
7,原油ブル,原油ブル,TSE,2038.T
7,フィード･ワン,フィード･ワン,TSE,2060.T
7,三井製糖,三井製糖,TSE,2109.T
7,LIFULL,LIFULL,TSE,2120.T
7,JACR,JACR,TSE,2124.T
7,M&A,M&A,TSE,2127.T
7,タケエイ,タケエイ,TSE,2151.T
7,トラスト･テック,トラスト･テック,TSE,2154.T
7,コシダカHD,コシダカHD,TSE,2157.T
7,パソナ,パソナ,TSE,2168.T
7,LINK&M,LINK&M,TSE,2170.T
7,GCA,GCA,TSE,2174.T
7,SMS,SMS,TSE,2175.T
7,パーソルHD,パーソルHD,TSE,2181.T
7,COOK,COOK,TSE,2193.T
7,森永菓,森永菓,TSE,2201.T
7,グリコ,グリコ,TSE,2206.T
7,山崎パン,山崎パン,TSE,2212.T
7,カルビー,カルビー,TSE,2229.T
7,森永乳,森永乳,TSE,2264.T
7,ヤクルト,ヤクルト,TSE,2267.T
7,明治HD,明治HD,TSE,2269.T
7,雪印メグ,雪印メグ,TSE,2270.T
7,プリマハム,プリマハム,TSE,2281.T
7,日本ハム,日本ハム,TSE,2282.T
7,丸大食,丸大食,TSE,2288.T
7,伊藤米久,伊藤米久,TSE,2296.T
7,システナ,システナ,TSE,2317.T
7,デジアーツ,デジアーツ,TSE,2326.T
7,NSSOL,NSSOL,TSE,2327.T
7,ALSOK,ALSOK,TSE,2331.T
7,いちご,いちご,TSE,2337.T
7,日駐,日駐,TSE,2353.T
7,カカクコム,カカクコム,TSE,2371.T
7,アイロムG,アイロムG,TSE,2372.T
7,ディップ,ディップ,TSE,2379.T
7,オプトHD,オプトHD,TSE,2389.T
7,新日科学,新日科学,TSE,2395.T
7,ツクイ,ツクイ,TSE,2398.T
7,キャリアDC,キャリアDC,TSE,2410.T
7,エムスリー,エムスリー,TSE,2413.T
7,ツカダGHD,ツカダGHD,TSE,2418.T
7,アウトソシング,アウトソシング,TSE,2427.T
7,ウェルネット,ウェルネット,TSE,2428.T
7,ワールドHD,ワールドHD,TSE,2429.T
7,DeNA,DeNA,TSE,2432.T
7,博報堂DY,博報堂DY,TSE,2433.T
7,ぐるなび,ぐるなび,TSE,2440.T
7,JBR,JBR,TSE,2453.T
7,ファンコミ,ファンコミ,TSE,2461.T
7,ライク,ライク,TSE,2462.T
7,BBT,BBT,TSE,2464.T
7,WDB,WDB,TSE,2475.T
7,Vコマース,Vコマース,TSE,2491.T
7,インフォマート,インフォマート,TSE,2492.T
7,サッポロHD,サッポロHD,TSE,2501.T
7,アサヒ,アサヒ,TSE,2502.T
7,キリンHD,キリンHD,TSE,2503.T
7,宝HD,宝HD,TSE,2531.T
7,オエノンHD,オエノンHD,TSE,2533.T
7,コカコーラBJI,コカコーラBJI,TSE,2579.T
7,サントリーBF,サントリーBF,TSE,2587.T
7,伊藤園,伊藤園,TSE,2593.T
7,日清オイリオ,日清オイリオ,TSE,2602.T
7,不二製油,不二製油,TSE,2607.T
7,ローソン,ローソン,TSE,2651.T
7,ABCマート,ABCマート,TSE,2670.T
7,アスクル,アスクル,TSE,2678.T
7,ゲオHD,ゲオHD,TSE,2681.T
7,アダストリア,アダストリア,TSE,2685.T
7,パルGHD,パルGHD,TSE,2726.T
7,エディオン,エディオン,TSE,2730.T
7,サーラ,サーラ,TSE,2734.T
7,JPHD,JPHD,TSE,2749.T
7,ひらまつ,ひらまつ,TSE,2764.T
7,フィールズ,フィールズ,TSE,2767.T
7,双日,双日,TSE,2768.T
7,アルフレッサHD,アルフレッサHD,TSE,2784.T
7,キッコーマン,キッコーマン,TSE,2801.T
7,味の素,味の素,TSE,2802.T
7,キユーピー,キユーピー,TSE,2809.T
7,ハウス食G,ハウス食G,TSE,2810.T
7,カゴメ,カゴメ,TSE,2811.T
7,ニチレイ,ニチレイ,TSE,2871.T
7,ヨコレイ,ヨコレイ,TSE,2874.T
7,東洋水産,東洋水産,TSE,2875.T
7,日清食HD,日清食HD,TSE,2897.T
7,フジッコ,フジッコ,TSE,2908.T
7,JT,JT,TSE,2914.T
7,ケンコーマヨ,ケンコーマヨ,TSE,2915.T
7,北の達人,北の達人,TSE,2930.T
7,ユーグレナ,ユーグレナ,TSE,2931.T
7,ヒューリック,ヒューリック,TSE,3003.T
7,ラサ商事,ラサ商事,TSE,3023.T
7,ラクーン,ラクーン,TSE,3031.T
7,クオール,クオール,TSE,3034.T
7,アルコニックス,アルコニックス,TSE,3036.T
7,神戸物産,神戸物産,TSE,3038.T
7,ソリトン,ソリトン,TSE,3040.T
7,JINS,JINS,TSE,3046.T
7,ビックカメラ,ビックカメラ,TSE,3048.T
7,DCM,DCM,TSE,3050.T
7,ペッパー,ペッパー,TSE,3053.T
7,MonotaRO,MonotaRO,TSE,3064.T
7,DDHD,DDHD,TSE,3073.T
7,あいHD,あいHD,TSE,3076.T
7,ALサービスH,ALサービスH,TSE,3085.T
7,Jフロント,Jフロント,TSE,3086.T
7,ドトル日レス,ドトル日レス,TSE,3087.T
7,マツモトキヨシ,マツモトキヨシ,TSE,3088.T
7,スタートトゥ,スタートトゥ,TSE,3092.T
7,ココカラファイン,ココカラファイン,TSE,3098.T
7,ミツコシイセタン,ミツコシイセタン,TSE,3099.T
7,東洋紡,東洋紡,TSE,3101.T
7,ユニチカ,ユニチカ,TSE,3103.T
7,富士紡HD,富士紡HD,TSE,3104.T
7,日清紡HD,日清紡HD,TSE,3105.T
7,クラボウ,クラボウ,TSE,3106.T
7,シキボウ,シキボウ,TSE,3109.T
7,日東紡,日東紡,TSE,3110.T
7,トヨタ紡織,トヨタ紡織,TSE,3116.T
7,マクニカ富士,マクニカ富士,TSE,3132.T
7,Hamee,Hamee,TSE,3134.T
7,ウエルシアHD,ウエルシアHD,TSE,3141.T
7,UKCHD,UKCHD,TSE,3156.T
7,TOKAIHD,TOKAIHD,TSE,3167.T
7,シュッピン,シュッピン,TSE,3179.T
7,ネクステージ,ネクステージ,TSE,3186.T
7,キリン堂HD,キリン堂HD,TSE,3194.T
7,すかい,すかい,TSE,3197.T
7,ニッケ,ニッケ,TSE,3201.T
7,ダイトウボウ,ダイトウボウ,TSE,3202.T
7,U.S.M.H,U.S.M.H,TSE,3222.T
7,野村不HD,野村不HD,TSE,3231.T
7,三交GHD,三交GHD,TSE,3232.T
7,サムティ,サムティ,TSE,3244.T
7,ディア･ライフ,ディア･ライフ,TSE,3245.T
7,ADワークス,ADワークス,TSE,3250.T
7,プレサンス,プレサンス,TSE,3254.T
7,ユニゾHD,ユニゾHD,TSE,3258.T
7,グロバル社,グロバル社,TSE,3271.T
7,日本管理,日本管理,TSE,3276.T
7,フージャース,フージャース,TSE,3284.T
7,オープンハウス,オープンハウス,TSE,3288.T
7,東急不HD,東急不HD,TSE,3289.T
7,飯田GHD,飯田GHD,TSE,3291.T
7,ムゲンエステト,ムゲンエステト,TSE,3299.T
7,日本コークス,日本コークス,TSE,3315.T
7,BEENOS,BEENOS,TSE,3328.T
7,日本調剤,日本調剤,TSE,3341.T
7,コスモス薬品,コスモス薬品,TSE,3349.T
7,シップHD,シップHD,TSE,3360.T
7,7&I-HD,7&I-HD,TSE,3382.T
7,クリレスHD,クリレスHD,TSE,3387.T
7,ツルハHD,ツルハHD,TSE,3391.T
7,スターティア,スターティア,TSE,3393.T
7,サンマルクHD,サンマルクHD,TSE,3395.T
7,トリドールHD,トリドールHD,TSE,3397.T
7,帝人,帝人,TSE,3401.T
7,東レ,東レ,TSE,3402.T
7,クラレ,クラレ,TSE,3405.T
7,旭化成,旭化成,TSE,3407.T
7,トウキョベース,トウキョベース,TSE,3415.T
7,SUMCO,SUMCO,TSE,3436.T
7,RSTECH,RSTECH,TSE,3445.T
7,住江織,住江織,TSE,3501.T
7,エコナックHD,エコナックHD,TSE,3521.T
7,コメダ,コメダ,TSE,3543.T
7,クスリのアオキ,クスリのアオキ,TSE,3549.T
7,スシローGHD,スシローGHD,TSE,3563.T
7,LIXILビ,LIXILビ,TSE,3564.T
7,セーレン,セーレン,TSE,3569.T
7,ワコールHD,ワコールHD,TSE,3591.T
7,レナウン,レナウン,TSE,3606.T
7,TSIHD,TSIHD,TSE,3608.T
7,TIS,TIS,TSE,3626.T
7,グリー,グリー,TSE,3632.T
7,コーエーテクモ,コーエーテクモ,TSE,3635.T
7,ボルテージ,ボルテージ,TSE,3639.T
7,AGS,AGS,TSE,3648.T
7,KLab,KLab,TSE,3656.T
7,ネクソン,ネクソン,TSE,3659.T
7,アイスタイル,アイスタイル,TSE,3660.T
7,エムアップ,エムアップ,TSE,3661.T
7,エイチーム,エイチーム,TSE,3662.T
7,テクノスJPN,テクノスJPN,TSE,3666.T
7,enish,enish,TSE,3667.T
7,コロプラ,コロプラ,TSE,3668.T
7,オルトプラス,オルトプラス,TSE,3672.T
7,ブロドリーフ,ブロドリーフ,TSE,3673.T
7,HUG,HUG,TSE,3676.T
7,メディアドゥ,メディアドゥ,TSE,3678.T
7,ブイキューブ,ブイキューブ,TSE,3681.T
7,DLE,DLE,TSE,3686.T
7,フィックスタース,フィックスタース,TSE,3687.T
7,VOYAGE,VOYAGE,TSE,3688.T
7,セレス,セレス,TSE,3696.T
7,ティーガイア,ティーガイア,TSE,3738.T
7,日本アG,日本アG,TSE,3751.T
7,豆蔵,豆蔵,TSE,3756.T
7,テクマトリックス,テクマトリックス,TSE,3762.T
7,ガンホー,ガンホー,TSE,3765.T
7,GMOPG,GMOPG,TSE,3769.T
7,IIJ,IIJ,TSE,3774.T
7,さくら,さくら,TSE,3778.T
7,GMOクラウド,GMOクラウド,TSE,3788.T
7,フリービット,フリービット,TSE,3843.T
7,王子HD,王子HD,TSE,3861.T
7,日本紙,日本紙,TSE,3863.T
7,三菱紙,三菱紙,TSE,3864.T
7,北越紀州,北越紀州,TSE,3865.T
7,大王紙,大王紙,TSE,3880.T
7,MDV,MDV,TSE,3902.T
7,gumi,gumi,TSE,3903.T
7,ショーケースTV,ショーケースTV,TSE,3909.T
7,PCIHD,PCIHD,TSE,3918.T
7,アカツキ,アカツキ,TSE,3932.T
7,LINE,LINE,TSE,3938.T
7,レンゴー,レンゴー,TSE,3941.T
7,AOITYOHD,AOITYOHD,TSE,3975.T
7,マクロミル,マクロミル,TSE,3978.T
7,昭電工,昭電工,TSE,4004.T
7,住友化,住友化,TSE,4005.T
7,日産化,日産化,TSE,4021.T
7,テイカ,テイカ,TSE,4027.T
7,石原産,石原産,TSE,4028.T
7,日曹達,日曹達,TSE,4041.T
7,東ソー,東ソー,TSE,4042.T
7,トクヤマ,トクヤマ,TSE,4043.T
7,セ硝子,セ硝子,TSE,4044.T
7,東亜合成,東亜合成,TSE,4045.T
7,関電化,関電化,TSE,4047.T
7,デンカ,デンカ,TSE,4061.T
7,イビデン,イビデン,TSE,4062.T
7,信越化,信越化,TSE,4063.T
7,エア･ウォーター,エア･ウォーター,TSE,4088.T
7,大陽日酸,大陽日酸,TSE,4091.T
7,パーカライ,パーカライ,TSE,4095.T
7,四国化,四国化,TSE,4099.T
7,戸田工,戸田工,TSE,4100.T
7,ステラケミファ,ステラケミファ,TSE,4109.T
7,保土谷,保土谷,TSE,4112.T
7,日触媒,日触媒,TSE,4114.T
7,カネカ,カネカ,TSE,4118.T
7,協和キリン,協和キリン,TSE,4151.T
7,三菱ガス,三菱ガス,TSE,4182.T
7,三井化学,三井化学,TSE,4183.T
7,JSR,JSR,TSE,4185.T
7,応化工,応化工,TSE,4186.T
7,三菱ケミHD,三菱ケミHD,TSE,4188.T
7,KHネオケム,KHネオケム,TSE,4189.T
7,ダイセル,ダイセル,TSE,4202.T
7,住友ベ,住友ベ,TSE,4203.T
7,積水化,積水化,TSE,4204.T
7,ゼオン,ゼオン,TSE,4205.T
7,アイカ工,アイカ工,TSE,4206.T
7,宇部興,宇部興,TSE,4208.T
7,タキロンシーアイ,タキロンシーアイ,TSE,4215.T
7,日立化成,日立化成,TSE,4217.T
7,大倉工,大倉工,TSE,4221.T
7,積化成,積化成,TSE,4228.T
7,ミライアル,ミライアル,TSE,4238.T
7,DNC,DNC,TSE,4246.T
7,日化薬,日化薬,TSE,4272.T
7,カーリットHD,カーリットHD,TSE,4275.T
7,EPS,EPS,TSE,4282.T
7,PI,PI,TSE,4290.T
7,アミューズ,アミューズ,TSE,4301.T
7,NRI,NRI,TSE,4307.T
7,サイバネット,サイバネット,TSE,4312.T
7,ケネディクス,ケネディクス,TSE,4321.T
7,電通,電通,TSE,4324.T
7,T&Gニーズ,T&Gニーズ,TSE,4331.T
7,ぴあ,ぴあ,TSE,4337.T
7,ソースネクスト,ソースネクスト,TSE,4344.T
7,シーティーエス,シーティーエス,TSE,4345.T
7,ネクシィーズG,ネクシィーズG,TSE,4346.T
7,メディカルシス,メディカルシス,TSE,4350.T
7,扶桑化学,扶桑化学,TSE,4368.T
7,ADEKA,ADEKA,TSE,4401.T
7,日油,日油,TSE,4403.T
7,日理化,日理化,TSE,4406.T
7,花王,花王,TSE,4452.T
7,一工薬,一工薬,TSE,4461.T
7,武田,武田,TSE,4502.T
7,アステラス薬,アステラス薬,TSE,4503.T
7,大日住薬,大日住薬,TSE,4506.T
7,塩野義,塩野義,TSE,4507.T
7,田辺三菱,田辺三菱,TSE,4508.T
7,日本新薬,日本新薬,TSE,4516.T
7,中外薬,中外薬,TSE,4519.T
7,科研薬,科研薬,TSE,4521.T
7,エーザイ,エーザイ,TSE,4523.T
7,ロート,ロート,TSE,4527.T
7,小野薬,小野薬,TSE,4528.T
7,久光薬,久光薬,TSE,4530.T
7,参天薬,参天薬,TSE,4536.T
7,ツムラ,ツムラ,TSE,4540.T
7,日医工,日医工,TSE,4541.T
7,テルモ,テルモ,TSE,4543.T
7,みらかHD,みらかHD,TSE,4544.T
7,生化学,生化学,TSE,4548.T
7,栄研化,栄研化,TSE,4549.T
7,JCRファーマ,JCRファーマ,TSE,4552.T
7,沢井製薬,沢井製薬,TSE,4555.T
7,第一三共,第一三共,TSE,4568.T
7,キョーリンHD,キョーリンHD,TSE,4569.T
7,大幸薬品,大幸薬品,TSE,4574.T
7,大塚HD,大塚HD,TSE,4578.T
7,大正薬HD,大正薬HD,TSE,4581.T
7,ペプチド,ペプチド,TSE,4587.T
7,日ペイントH,日ペイントH,TSE,4612.T
7,関西ペ,関西ペ,TSE,4613.T
7,中国塗,中国塗,TSE,4617.T
7,太陽HD,太陽HD,TSE,4626.T
7,DIC,DIC,TSE,4631.T
7,サカタインクス,サカタインクス,TSE,4633.T
7,洋インキHD,洋インキHD,TSE,4634.T
7,サニックス,サニックス,TSE,4651.T
7,OLC,OLC,TSE,4661.T
7,ダスキン,ダスキン,TSE,4665.T
7,パーク24,パーク24,TSE,4666.T
7,明光ネット,明光ネット,TSE,4668.T
7,フジHD,フジHD,TSE,4676.T
7,ラウンドワン,ラウンドワン,TSE,4680.T
7,リゾートトラス,リゾートトラス,TSE,4681.T
7,オービック,オービック,TSE,4684.T
7,ジャストシステ,ジャストシステ,TSE,4686.T
7,ヤフー,ヤフー,TSE,4689.T
7,BML,BML,TSE,4694.T
7,トレンド,トレンド,TSE,4704.T
7,りらいあ,りらいあ,TSE,4708.T
7,リソー教育,リソー教育,TSE,4714.T
7,日本オラクル,日本オラクル,TSE,4716.T
7,フューチャー,フューチャー,TSE,4722.T
7,トーセ,トーセ,TSE,4728.T
7,ユー･エス･エス,ユー･エス･エス,TSE,4732.T
7,CTC,CTC,TSE,4739.T
7,ITFOR,ITFOR,TSE,4743.T
7,東京個別,東京個別,TSE,4745.T
7,サイバエージ,サイバエージ,TSE,4751.T
7,楽天,楽天,TSE,4755.T
7,クリーク&リバ,クリーク&リバ,TSE,4763.T
7,大塚商,大塚商,TSE,4768.T
7,ISID,ISID,TSE,4812.T
7,Dガレージ,Dガレージ,TSE,4819.T
7,スカラ,スカラ,TSE,4845.T
7,フルキャストHD,フルキャストHD,TSE,4848.T
7,富士フイルム,富士フイルム,TSE,4901.T
7,コニカミノルタ,コニカミノルタ,TSE,4902.T
7,資生堂,資生堂,TSE,4911.T
7,ライオン,ライオン,TSE,4912.T
7,マンダム,マンダム,TSE,4917.T
7,ファンケル,ファンケル,TSE,4921.T
7,コーセー,コーセー,TSE,4922.T
7,シーズHD,シーズHD,TSE,4924.T
7,ポーラオルHD,ポーラオルHD,TSE,4927.T
7,小林製薬,小林製薬,TSE,4967.T
7,メック,メック,TSE,4971.T
7,タカラバイオ,タカラバイオ,TSE,4974.T
7,JCU,JCU,TSE,4975.T
7,デクセリアルス,デクセリアルス,TSE,4980.T
7,クミアイ化,クミアイ化,TSE,4996.T
7,日農薬,日農薬,TSE,4997.T
7,昭和シェル,昭和シェル,TSE,5002.T
7,富士石油,富士石油,TSE,5017.T
7,出光興産,出光興産,TSE,5019.T
7,JXTG,JXTG,TSE,5020.T
7,コスモエネHD,コスモエネHD,TSE,5021.T
7,浜ゴム,浜ゴム,TSE,5101.T
7,洋ゴム,洋ゴム,TSE,5105.T
7,ブリヂストン,ブリヂストン,TSE,5108.T
7,住友ゴム,住友ゴム,TSE,5110.T
7,藤倉ゴム,藤倉ゴム,TSE,5121.T
7,オカモト,オカモト,TSE,5122.T
7,住友理工,住友理工,TSE,5191.T
7,三星ベ,三星ベ,TSE,5192.T
7,バンドー,バンドー,TSE,5195.T
7,旭硝子,旭硝子,TSE,5201.T
7,板硝子,板硝子,TSE,5202.T
7,有沢製,有沢製,TSE,5208.T
7,日山村硝,日山村硝,TSE,5210.T
7,日電硝,日電硝,TSE,5214.T
7,オハラ,オハラ,TSE,5218.T
7,住阪セメ,住阪セメ,TSE,5232.T
7,太平洋セメ,太平洋セメ,TSE,5233.T
7,日本コン,日本コン,TSE,5269.T
7,アジアパイル,アジアパイル,TSE,5288.T
7,東海カ,東海カ,TSE,5301.T
7,日カーボン,日カーボン,TSE,5302.T
7,東洋炭素,東洋炭素,TSE,5310.T
7,TOTO,TOTO,TSE,5332.T
7,ガイシ,ガイシ,TSE,5333.T
7,特殊陶,特殊陶,TSE,5334.T
7,ヨータイ,ヨータイ,TSE,5357.T
7,イソライト,イソライト,TSE,5358.T
7,TYK,TYK,TSE,5363.T
7,ニチアス,ニチアス,TSE,5393.T
7,新日鉄住,新日鉄住,TSE,5401.T
7,神戸鋼,神戸鋼,TSE,5406.T
7,中山鋼,中山鋼,TSE,5408.T
7,合同鉄,合同鉄,TSE,5410.T
7,JFEHD,JFEHD,TSE,5411.T
7,日新製鋼,日新製鋼,TSE,5413.T
7,東製鉄,東製鉄,TSE,5423.T
7,共英製鋼,共英製鋼,TSE,5440.T
7,大和工,大和工,TSE,5444.T
7,東京鉄,東京鉄,TSE,5445.T
7,洋鋼鈑,洋鋼鈑,TSE,5453.T
7,丸一管,丸一管,TSE,5463.T
7,大特鋼,大特鋼,TSE,5471.T
7,冶金工,冶金工,TSE,5480.T
7,山特鋼,山特鋼,TSE,5481.T
7,日立金,日立金,TSE,5486.T
7,日金属,日金属,TSE,5491.T
7,大平金,大平金,TSE,5541.T
7,新日電工,新日電工,TSE,5563.T
7,日製鋼,日製鋼,TSE,5631.T
7,大紀アルミ,大紀アルミ,TSE,5702.T
7,日軽金HD,日軽金HD,TSE,5703.T
7,三井金,三井金,TSE,5706.T
7,東邦鉛,東邦鉛,TSE,5707.T
7,三菱マ,三菱マ,TSE,5711.T
7,住友鉱,住友鉱,TSE,5713.T
7,DOWA,DOWA,TSE,5714.T
7,古河機,古河機,TSE,5715.T
7,S･サイエンス,S･サイエンス,TSE,5721.T
7,大阪チタ,大阪チタ,TSE,5726.T
7,邦チタニウム,邦チタニウム,TSE,5727.T
7,UACJ,UACJ,TSE,5741.T
7,古河電,古河電,TSE,5801.T
7,住友電,住友電,TSE,5802.T
7,フジクラ,フジクラ,TSE,5803.T
7,昭電線HD,昭電線HD,TSE,5805.T
7,タツタ線,タツタ線,TSE,5809.T
7,リョービ,リョービ,TSE,5851.T
7,アーレスティ,アーレスティ,TSE,5852.T
7,アサヒHD,アサヒHD,TSE,5857.T
7,洋缶HD,洋缶HD,TSE,5901.T
7,ホッカンHD,ホッカンHD,TSE,5902.T
7,横河ブHD,横河ブHD,TSE,5911.T
7,OSJBHD,OSJBHD,TSE,5912.T
7,三和HD,三和HD,TSE,5929.T
7,三協立山,三協立山,TSE,5932.T
7,LIXILG,LIXILG,TSE,5938.T
7,ノーリツ,ノーリツ,TSE,5943.T
7,リンナイ,リンナイ,TSE,5947.T
7,ユニプレス,ユニプレス,TSE,5949.T
7,岡部,岡部,TSE,5959.T
7,ジーテクト,ジーテクト,TSE,5970.T
7,モリテック,モリテック,TSE,5986.T
7,ニッパツ,ニッパツ,TSE,5991.T
7,三浦工,三浦工,TSE,6005.T
7,タクマ,タクマ,TSE,6013.T
7,テクノプロHD,テクノプロHD,TSE,6028.T
7,EG,EG,TSE,6050.T
7,リブセンス,リブセンス,TSE,6054.T
7,Jマテリアル,Jマテリアル,TSE,6055.T
7,ベクトル,ベクトル,TSE,6058.T
7,ライクキッズN,ライクキッズN,TSE,6065.T
7,IBJ,IBJ,TSE,6071.T
7,N･フィールド,N･フィールド,TSE,6077.T
7,M&Aキャピ,M&Aキャピ,TSE,6080.T
7,シグマクシス,シグマクシス,TSE,6088.T
7,ウィルG,ウィルG,TSE,6089.T
7,エスクローAJ,エスクローAJ,TSE,6093.T
7,リクルートHD,リクルートHD,TSE,6098.T
7,エラン,エラン,TSE,6099.T
7,ツガミ,ツガミ,TSE,6101.T
7,オークマ,オークマ,TSE,6103.T
7,東芝機,東芝機,TSE,6104.T
7,アマダHD,アマダHD,TSE,6113.T
7,アイダ,アイダ,TSE,6118.T
7,フジキカイ,フジキカイ,TSE,6134.T
7,牧野フ,牧野フ,TSE,6135.T
7,OSG,OSG,TSE,6136.T
7,旭ダイヤ,旭ダイヤ,TSE,6140.T
7,DMG森精,DMG森精,TSE,6141.T
7,ソディック,ソディック,TSE,6143.T
7,ディスコ,ディスコ,TSE,6146.T
7,パンチ,パンチ,TSE,6165.T
7,日本郵政,日本郵政,TSE,6178.T
7,ベル24HD,ベル24HD,TSE,6183.T
7,鎌倉新書,鎌倉新書,TSE,6184.T
7,エボラブルA,エボラブルA,TSE,6191.T
7,ソラスト,ソラスト,TSE,6197.T
7,インソース,インソース,TSE,6200.T
7,豊田織機,豊田織機,TSE,6201.T
7,豊和工,豊和工,TSE,6203.T
7,石川製,石川製,TSE,6208.T
7,東洋機械,東洋機械,TSE,6210.T
7,津田駒,津田駒,TSE,6217.T
7,エンシュウ,エンシュウ,TSE,6218.T
7,島精機,島精機,TSE,6222.T
7,ヤマシンフィルタ,ヤマシンフィルタ,TSE,6240.T
7,やまびこ,やまびこ,TSE,6250.T
7,平田機工,平田機工,TSE,6258.T
7,ペガサス,ペガサス,TSE,6262.T
7,ナブテスコ,ナブテスコ,TSE,6268.T
7,三井海洋,三井海洋,TSE,6269.T
7,レオン自機,レオン自機,TSE,6272.T
7,SMC,SMC,TSE,6273.T
7,新川,新川,TSE,6274.T
7,ホソカワミクロ,ホソカワミクロ,TSE,6277.T
7,オイレス工,オイレス工,TSE,6282.T
7,日樹工,日樹工,TSE,6293.T
7,オカタアイヨン,オカタアイヨン,TSE,6294.T
7,コマツ,コマツ,TSE,6301.T
7,住友重,住友重,TSE,6302.T
7,日立建,日立建,TSE,6305.T
7,井関農,井関農,TSE,6310.T
7,TOWA,TOWA,TSE,6315.T
7,ローツェ,ローツェ,TSE,6323.T
7,クボタ,クボタ,TSE,6326.T
7,洋エンジ,洋エンジ,TSE,6330.T
7,月島機,月島機,TSE,6332.T
7,新東工,新東工,TSE,6339.T
7,アイチコーポ,アイチコーポ,TSE,6345.T
7,小森,小森,TSE,6349.T
7,荏原,荏原,TSE,6361.T
7,千代建,千代建,TSE,6366.T
7,ダイキン,ダイキン,TSE,6367.T
7,栗田工,栗田工,TSE,6370.T
7,椿本チ,椿本チ,TSE,6371.T
7,日機装,日機装,TSE,6376.T
7,木村化,木村化,TSE,6378.T
7,ダイフク,ダイフク,TSE,6383.T
7,加藤製,加藤製,TSE,6390.T
7,タダノ,タダノ,TSE,6395.T
7,フジテック,フジテック,TSE,6406.T
7,CKD,CKD,TSE,6407.T
7,キトー,キトー,TSE,6409.T
7,平和,平和,TSE,6412.T
7,SANKYO,SANKYO,TSE,6417.T
7,金銭機,金銭機,TSE,6418.T
7,ダイコク電,ダイコク電,TSE,6430.T
7,竹内製作,竹内製作,TSE,6432.T
7,アマノ,アマノ,TSE,6436.T
7,JUKI,JUKI,TSE,6440.T
7,サンデンHD,サンデンHD,TSE,6444.T
7,蛇の目,蛇の目,TSE,6445.T
7,ブラザー,ブラザー,TSE,6448.T
7,グローリー,グローリー,TSE,6457.T
7,シンコウ工,シンコウ工,TSE,6458.T
7,セガサミーHD,セガサミーHD,TSE,6460.T
7,ツバキナカシマ,ツバキナカシマ,TSE,6464.T
7,ホシザキ,ホシザキ,TSE,6465.T
7,日精工,日精工,TSE,6471.T
7,NTN,NTN,TSE,6472.T
7,ジェイテクト,ジェイテクト,TSE,6473.T
7,不二越,不二越,TSE,6474.T
7,ミネベアミツミ,ミネベアミツミ,TSE,6479.T
7,日トムソン,日トムソン,TSE,6480.T
7,THK,THK,TSE,6481.T
7,イーグル,イーグル,TSE,6486.T
7,日ピラー,日ピラー,TSE,6490.T
7,キッツ,キッツ,TSE,6498.T
7,日立,日立,TSE,6501.T
7,三菱電,三菱電,TSE,6503.T
7,富士電機,富士電機,TSE,6504.T
7,安川電,安川電,TSE,6506.T
7,シンフォニア,シンフォニア,TSE,6507.T
7,明電舎,明電舎,TSE,6508.T
7,三桜工,三桜工,TSE,6584.T
7,マキタ,マキタ,TSE,6586.T
7,東芝テック,東芝テック,TSE,6588.T
7,芝浦メカ,芝浦メカ,TSE,6590.T
7,マブチ,マブチ,TSE,6592.T
7,日電産,日電産,TSE,6594.T
7,WSCOPE,WSCOPE,TSE,6619.T
7,宮越HD,宮越HD,TSE,6620.T
7,ダイヘン,ダイヘン,TSE,6622.T
7,田淵電,田淵電,TSE,6624.T
7,ヤーマン,ヤーマン,TSE,6630.T
7,JVCKW,JVCKW,TSE,6632.T
7,Mimaki,Mimaki,TSE,6638.T
7,第一精工,第一精工,TSE,6640.T
7,日新電,日新電,TSE,6641.T
7,大崎電,大崎電,TSE,6644.T
7,オムロン,オムロン,TSE,6645.T
7,IDEC,IDEC,TSE,6652.T
7,GSユアサ,GSユアサ,TSE,6674.T
7,NEC,NEC,TSE,6701.T
7,富士通,富士通,TSE,6702.T
7,OKI,OKI,TSE,6703.T
7,サンケン電,サンケン電,TSE,6707.T
7,ルネサス,ルネサス,TSE,6723.T
7,エプソン,エプソン,TSE,6724.T
7,ワコム,ワコム,TSE,6727.T
7,アルバック,アルバック,TSE,6728.T
7,EIZO,EIZO,TSE,6737.T
7,JDI,JDI,TSE,6740.T
7,日信号,日信号,TSE,6741.T
7,京三製,京三製,TSE,6742.T
7,能美防,能美防,TSE,6744.T
7,エレコム,エレコム,TSE,6750.T
7,パナソニック,パナソニック,TSE,6752.T
7,アンリツ,アンリツ,TSE,6754.T
7,富通ゼネ,富通ゼネ,TSE,6755.T
7,日立国際,日立国際,TSE,6756.T
7,ソニー,ソニー,TSE,6758.T
7,TDK,TDK,TSE,6762.T
7,タムラ製,タムラ製,TSE,6768.T
7,アルプス,アルプス,TSE,6770.T
7,池上通,池上通,TSE,6771.T
7,パイオニア,パイオニア,TSE,6773.T
7,日電波,日電波,TSE,6779.T
7,鈴木,鈴木,TSE,6785.T
7,フォスタ電,フォスタ電,TSE,6794.T
7,クラリオン,クラリオン,TSE,6796.T
7,SMK,SMK,TSE,6798.T
7,ヨコオ,ヨコオ,TSE,6800.T
7,ティアック,ティアック,TSE,6803.T
7,ホシデン,ホシデン,TSE,6804.T
7,航空電,航空電,TSE,6807.T
7,マクセルHD,マクセルHD,TSE,6810.T
7,ユニデンHD,ユニデンHD,TSE,6815.T
7,アルパイン,アルパイン,TSE,6816.T
7,スミダコーポ,スミダコーポ,TSE,6817.T
7,リオン,リオン,TSE,6823.T
7,船井電機,船井電機,TSE,6839.T
7,横河電,横河電,TSE,6841.T
7,アズビル,アズビル,TSE,6845.T
7,日光電,日光電,TSE,6849.T
7,堀場製,堀場製,TSE,6856.T
7,アドバンテ,アドバンテ,TSE,6857.T
7,エスペック,エスペック,TSE,6859.T
7,キーエンス,キーエンス,TSE,6861.T
7,シスメックス,シスメックス,TSE,6869.T
7,マイクロニクス,マイクロニクス,TSE,6871.T
7,メガチップス,メガチップス,TSE,6875.T
7,イマジカロボ,イマジカロボ,TSE,6879.T
7,デンソー,デンソー,TSE,6902.T
7,コーセル,コーセル,TSE,6905.T
7,イリソ電子,イリソ電子,TSE,6908.T
7,新日無,新日無,TSE,6911.T
7,レーザーテク,レーザーテク,TSE,6920.T
7,スタンレ電,スタンレ電,TSE,6923.T
7,ウシオ電,ウシオ電,TSE,6925.T
7,ヘリオステクノH,ヘリオステクノH,TSE,6927.T
7,日セラミ,日セラミ,TSE,6929.T
7,古河池,古河池,TSE,6937.T
7,双信電,双信電,TSE,6938.T
7,山一電,山一電,TSE,6941.T
7,日電子,日電子,TSE,6951.T
7,カシオ,カシオ,TSE,6952.T
7,ファナック,ファナック,TSE,6954.T
7,日本CMK,日本CMK,TSE,6958.T
7,エンプラス,エンプラス,TSE,6961.T
7,ローム,ローム,TSE,6963.T
7,ホトニクス,ホトニクス,TSE,6965.T
7,三井ハイテ,三井ハイテ,TSE,6966.T
7,新電工,新電工,TSE,6967.T
7,京セラ,京セラ,TSE,6971.T
7,太陽誘電,太陽誘電,TSE,6976.T
7,村田製,村田製,TSE,6981.T
7,ユーシン,ユーシン,TSE,6985.T
7,双葉電,双葉電,TSE,6986.T
7,日東電,日東電,TSE,6988.T
7,東海理化,東海理化,TSE,6995.T
7,ニチコン,ニチコン,TSE,6996.T
7,日ケミコン,日ケミコン,TSE,6997.T
7,KOA,KOA,TSE,6999.T
7,三井造,三井造,TSE,7003.T
7,日立造,日立造,TSE,7004.T
7,三菱重,三菱重,TSE,7011.T
7,川重,川重,TSE,7012.T
7,IHI,IHI,TSE,7013.T
7,名村造,名村造,TSE,7014.T
7,サノヤスHD,サノヤスHD,TSE,7022.T
7,日車輌,日車輌,TSE,7102.T
7,三菱ロジ,三菱ロジ,TSE,7105.T
7,FPG,FPG,TSE,7148.T
7,じもとHD,じもとHD,TSE,7161.T
7,全国保証,全国保証,TSE,7164.T
7,めぶきFG,めぶきFG,TSE,7167.T
7,九州FG,九州FG,TSE,7180.T
7,かんぽ,かんぽ,TSE,7181.T
7,ゆうちょ,ゆうちょ,TSE,7182.T
7,コンコルディア,コンコルディア,TSE,7186.T
7,西日本FH,西日本FH,TSE,7189.T
7,日産自,日産自,TSE,7201.T
7,いすゞ,いすゞ,TSE,7202.T
7,トヨタ,トヨタ,TSE,7203.T
7,日野自,日野自,TSE,7205.T
7,三菱自,三菱自,TSE,7211.T
7,エフテック,エフテック,TSE,7212.T
7,GMB,GMB,TSE,7214.T
7,武蔵精密,武蔵精密,TSE,7220.T
7,産車体,産車体,TSE,7222.T
7,新明和,新明和,TSE,7224.T
7,日信工業,日信工業,TSE,7230.T
7,曙ブレーキ,曙ブレーキ,TSE,7238.T
7,タチエス,タチエス,TSE,7239.T
7,NOK,NOK,TSE,7240.T
7,フタバ,フタバ,TSE,7241.T
7,KYB,KYB,TSE,7242.T
7,市光工,市光工,TSE,7244.T
7,大同メタ,大同メタ,TSE,7245.T
7,プレス工,プレス工,TSE,7246.T
7,ミクニ,ミクニ,TSE,7247.T
7,太平洋,太平洋,TSE,7250.T
7,ケーヒン,ケーヒン,TSE,7251.T
7,河西工,河西工,TSE,7256.T
7,アイシン精,アイシン精,TSE,7259.T
7,富士キコウ,富士キコウ,TSE,7260.T
7,マツダ,マツダ,TSE,7261.T
7,ホンダ,ホンダ,TSE,7267.T
7,スズキ,スズキ,TSE,7269.T
7,SUBARU,SUBARU,TSE,7270.T
7,安永,安永,TSE,7271.T
7,ヤマハ発,ヤマハ発,TSE,7272.T
7,ショーワ,ショーワ,TSE,7274.T
7,小糸製,小糸製,TSE,7276.T
7,ミツバ,ミツバ,TSE,7280.T
7,豊田合,豊田合,TSE,7282.T
7,愛三工,愛三工,TSE,7283.T
7,ヨロズ,ヨロズ,TSE,7294.T
7,エフ･シー･シー,エフ･シー･シー,TSE,7296.T
7,シマノ,シマノ,TSE,7309.T
7,TSテック,TSテック,TSE,7313.T
7,ノジマ,ノジマ,TSE,7419.T
7,カッパ･クリエ,カッパ･クリエ,TSE,7421.T
7,ジンズメイト,ジンズメイト,TSE,7448.T
7,良品計画,良品計画,TSE,7453.T
7,第一興商,第一興商,TSE,7458.T
7,メディパル,メディパル,TSE,7459.T
7,コジマ,コジマ,TSE,7513.T
7,コーナン商事,コーナン商事,TSE,7516.T
7,黒田電気,黒田電気,TSE,7517.T
7,ネットワン,ネットワン,TSE,7518.T
7,ワタミ,ワタミ,TSE,7522.T
7,システムソフト,システムソフト,TSE,7527.T
7,ドンキホーテH,ドンキホーテH,TSE,7532.T
7,西松屋チェ,西松屋チェ,TSE,7545.T
7,ゼンショーHD,ゼンショーHD,TSE,7550.T
7,ハピネット,ハピネット,TSE,7552.T
7,幸楽苑HD,幸楽苑HD,TSE,7554.T
7,日本ライフL,日本ライフL,TSE,7575.T
7,サイゼリヤ,サイゼリヤ,TSE,7581.T
7,VTHD,VTHD,TSE,7593.T
7,IDOM,IDOM,TSE,7599.T
7,日本MDM,日本MDM,TSE,7600.T
7,Uアローズ,Uアローズ,TSE,7606.T
7,シークス,シークス,TSE,7613.T
7,京都友禅,京都友禅,TSE,7615.T
7,コロワイド,コロワイド,TSE,7616.T
7,PCDEPOT,PCDEPOT,TSE,7618.T
7,スギHD,スギHD,TSE,7649.T
7,島津製,島津製,TSE,7701.T
7,Vテクノロジー,Vテクノロジー,TSE,7717.T
7,スター精,スター精,TSE,7718.T
7,東京計器,東京計器,TSE,7721.T
7,インタアクション,インタアクション,TSE,7725.T
7,オーバル,オーバル,TSE,7727.T
7,東京精,東京精,TSE,7729.T
7,ニコン,ニコン,TSE,7731.T
7,トプコン,トプコン,TSE,7732.T
7,オリンパス,オリンパス,TSE,7733.T
7,スクリン,スクリン,TSE,7735.T
7,キヤノン電,キヤノン電,TSE,7739.T
7,タムロン,タムロン,TSE,7740.T
7,HOYA,HOYA,TSE,7741.T
7,ノーリツ鋼機,ノーリツ鋼機,TSE,7744.T
7,A&D,A&D,TSE,7745.T
7,キヤノン,キヤノン,TSE,7751.T
7,リコー,リコー,TSE,7752.T
7,シチズン,シチズン,TSE,7762.T
7,トランザクショ,トランザクショ,TSE,7818.T
7,永大産業,永大産業,TSE,7822.T
7,ダンロップス,ダンロップス,TSE,7825.T
7,バンナムHD,バンナムHD,TSE,7832.T
7,共立印刷,共立印刷,TSE,7838.T
7,SHOEI,SHOEI,TSE,7839.T
7,マーベラス,マーベラス,TSE,7844.T
7,パイロット,パイロット,TSE,7846.T
7,エイベックス,エイベックス,TSE,7860.T
7,トッパン･F,トッパン･F,TSE,7862.T
7,タカラトミー,タカラトミー,TSE,7867.T
7,広済堂,広済堂,TSE,7868.T
7,アーク,アーク,TSE,7873.T
7,レック,レック,TSE,7874.T
7,KIMOTO,KIMOTO,TSE,7908.T
7,凸版印,凸版印,TSE,7911.T
7,大日印,大日印,TSE,7912.T
7,NISSHA,NISSHA,TSE,7915.T
7,ヴィアHD,ヴィアHD,TSE,7918.T
7,アシックス,アシックス,TSE,7936.T
7,ニチハ,ニチハ,TSE,7943.T
7,ヤマハ,ヤマハ,TSE,7951.T
7,ピジョン,ピジョン,TSE,7956.T
7,リンテック,リンテック,TSE,7966.T
7,信越ポリ,信越ポリ,TSE,7970.T
7,イトーキ,イトーキ,TSE,7972.T
7,任天堂,任天堂,TSE,7974.T
7,菱鉛筆,菱鉛筆,TSE,7976.T
7,タカラスタン,タカラスタン,TSE,7981.T
7,コクヨ,コクヨ,TSE,7984.T
7,ニフコ,ニフコ,TSE,7988.T
7,岡村製,岡村製,TSE,7994.T
7,日バルカー,日バルカー,TSE,7995.T
7,伊藤忠,伊藤忠,TSE,8001.T
7,丸紅,丸紅,TSE,8002.T
7,長瀬産,長瀬産,TSE,8012.T
7,豊通商,豊通商,TSE,8015.T
7,オンワードHD,オンワードHD,TSE,8016.T
7,兼松,兼松,TSE,8020.T
7,ユニー･ファミマ,ユニー･ファミマ,TSE,8028.T
7,ルック,ルック,TSE,8029.T
7,三井物,三井物,TSE,8031.T
7,東エレク,東エレク,TSE,8035.T
7,日立ハイテク,日立ハイテク,TSE,8036.T
7,セイコーHD,セイコーHD,TSE,8050.T
7,山善,山善,TSE,8051.T
7,住友商,住友商,TSE,8053.T
7,日ユニシス,日ユニシス,TSE,8056.T
7,三菱商,三菱商,TSE,8058.T
7,キヤノンMJ,キヤノンMJ,TSE,8060.T
7,阪和興,阪和興,TSE,8078.T
7,ニプロ,ニプロ,TSE,8086.T
7,岩谷産,岩谷産,TSE,8088.T
7,昭光商,昭光商,TSE,8090.T
7,極東貿,極東貿,TSE,8093.T
7,三愛石,三愛石,TSE,8097.T
7,稲畑産,稲畑産,TSE,8098.T
7,キムラタン,キムラタン,TSE,8107.T
7,ユニチャーム,ユニチャーム,TSE,8113.T
7,デサント,デサント,TSE,8114.T
7,ワキタ,ワキタ,TSE,8125.T
7,東邦HD,東邦HD,TSE,8129.T
7,サンゲツ,サンゲツ,TSE,8130.T
7,エネクス,エネクス,TSE,8133.T
7,サンリオ,サンリオ,TSE,8136.T
7,東陽テク,東陽テク,TSE,8151.T
7,三益半,三益半,TSE,8155.T
7,ケーヨー,ケーヨー,TSE,8168.T
7,日ガス,日ガス,TSE,8174.T
7,島忠,島忠,TSE,8184.T
7,リンガハット,リンガハット,TSE,8200.T
7,コメリ,コメリ,TSE,8218.T
7,青山商,青山商,TSE,8219.T
7,しまむら,しまむら,TSE,8227.T
7,高島屋,高島屋,TSE,8233.T
7,松屋,松屋,TSE,8237.T
7,H2Oリテイル,H2Oリテイル,TSE,8242.T
7,丸井G,丸井G,TSE,8252.T
7,クレセゾン,クレセゾン,TSE,8253.T
7,イオン,イオン,TSE,8267.T
7,イズミ,イズミ,TSE,8273.T
7,フジ,フジ,TSE,8278.T
7,ゼビオHD,ゼビオHD,TSE,8281.T
7,ケーズHD,ケーズHD,TSE,8282.T
7,PALTAC,PALTAC,TSE,8283.T
7,新生銀,新生銀,TSE,8303.T
7,あおぞら,あおぞら,TSE,8304.T
7,三菱UFJ,三菱UFJ,TSE,8306.T
7,りそなHD,りそなHD,TSE,8308.T
7,三住トラスト,三住トラスト,TSE,8309.T
7,三井住友,三井住友,TSE,8316.T
7,千葉銀,千葉銀,TSE,8331.T
7,群馬銀,群馬銀,TSE,8334.T
7,千葉興,千葉興,TSE,8337.T
7,筑波銀行,筑波銀行,TSE,8338.T
7,七十七,七十七,TSE,8341.T
7,東邦銀,東邦銀,TSE,8346.T
7,みち銀,みち銀,TSE,8350.T
7,ふくおか,ふくおか,TSE,8354.T
7,静岡銀,静岡銀,TSE,8355.T
7,スルガ銀,スルガ銀,TSE,8358.T
7,八十二,八十二,TSE,8359.T
7,山梨銀,山梨銀,TSE,8360.T
7,大垣銀,大垣銀,TSE,8361.T
7,滋賀銀,滋賀銀,TSE,8366.T
7,南都銀,南都銀,TSE,8367.T
7,百五銀,百五銀,TSE,8368.T
7,京都銀,京都銀,TSE,8369.T
7,紀陽銀行,紀陽銀行,TSE,8370.T
7,ほくほく,ほくほく,TSE,8377.T
7,広島銀,広島銀,TSE,8379.T
7,山合銀,山合銀,TSE,8381.T
7,中国銀,中国銀,TSE,8382.T
7,伊予銀,伊予銀,TSE,8385.T
7,百十四,百十四,TSE,8386.T
7,四国銀,四国銀,TSE,8387.T
7,阿波銀,阿波銀,TSE,8388.T
7,十八銀,十八銀,TSE,8396.T
7,セブン銀行,セブン銀行,TSE,8410.T
7,みずほ,みずほ,TSE,8411.T
7,山口FG,山口FG,TSE,8418.T
7,アクリーティブ,アクリーティブ,TSE,8423.T
7,興銀リース,興銀リース,TSE,8425.T
7,東センチュリー,東センチュリー,TSE,8439.T
7,SBI,SBI,TSE,8473.T
7,日証金,日証金,TSE,8511.T
7,アイフル,アイフル,TSE,8515.T
7,アジア投資,アジア投資,TSE,8518.T
7,ポケットC,ポケットC,TSE,8519.T
7,北洋銀行,北洋銀行,TSE,8524.T
7,愛媛銀,愛媛銀,TSE,8541.T
7,京葉銀,京葉銀,TSE,8544.T
7,栃木銀,栃木銀,TSE,8550.T
7,東和銀,東和銀,TSE,8558.T
7,イオンFS,イオンFS,TSE,8570.T
7,アコム,アコム,TSE,8572.T
7,ジャックス,ジャックス,TSE,8584.T
7,オリコ,オリコ,TSE,8585.T
7,日立キャピ,日立キャピ,TSE,8586.T
7,アプラスF,アプラスF,TSE,8589.T
7,オリックス,オリックス,TSE,8591.T
7,三菱Uリース,三菱Uリース,TSE,8593.T
7,ジャフコ,ジャフコ,TSE,8595.T
7,トモニHD,トモニHD,TSE,8600.T
7,大和証G,大和証G,TSE,8601.T
7,野村HD,野村HD,TSE,8604.T
7,岡三,岡三,TSE,8609.T
7,丸三証,丸三証,TSE,8613.T
7,東洋証,東洋証,TSE,8614.T
7,東海東京,東海東京,TSE,8616.T
7,水戸証,水戸証,TSE,8622.T
7,いちよし,いちよし,TSE,8624.T
7,松井証,松井証,TSE,8628.T
7,SOMPOHD,SOMPOHD,TSE,8630.T
7,JPX,JPX,TSE,8697.T
7,マネックスG,マネックスG,TSE,8698.T
7,KABU.COM,KABU.COM,TSE,8703.T
7,極東証券,極東証券,TSE,8706.T
7,岩井コスモ,岩井コスモ,TSE,8707.T
7,フィデアHD,フィデアHD,TSE,8713.T
7,池田泉州,池田泉州,TSE,8714.T
7,アニコムHD,アニコムHD,TSE,8715.T
7,MS&AD,MS&AD,TSE,8725.T
7,ソニーFH,ソニーFH,TSE,8729.T
7,マネパG,マネパG,TSE,8732.T
7,第一生命,第一生命,TSE,8750.T
7,東京海上,東京海上,TSE,8766.T
7,T&DHD,T&DHD,TSE,8795.T
7,三井不,三井不,TSE,8801.T
7,菱地所,菱地所,TSE,8802.T
7,平和不,平和不,TSE,8803.T
7,東建物,東建物,TSE,8804.T
7,ダイビル,ダイビル,TSE,8806.T
7,京阪神ビ,京阪神ビ,TSE,8818.T
7,住友不,住友不,TSE,8830.T
7,大京,大京,TSE,8840.T
7,テーオーシー,テーオーシー,TSE,8841.T
7,レオパレス21,レオパレス21,TSE,8848.T
7,スターツ,スターツ,TSE,8850.T
7,ゴールドクレ,ゴールドクレ,TSE,8871.T
7,リログループ,リログループ,TSE,8876.T
7,日本エスコン,日本エスコン,TSE,8892.T
7,タカラレーベン,タカラレーベン,TSE,8897.T
7,イオンモール,イオンモール,TSE,8905.T
7,ランド,ランド,TSE,8918.T
7,東祥,東祥,TSE,8920.T
7,トーセイ,トーセイ,TSE,8923.T
7,NTT都市,NTT都市,TSE,8933.T
7,サンフロンティア,サンフロンティア,TSE,8934.T
7,FJネクスト,FJネクスト,TSE,8935.T
7,東武,東武,TSE,9001.T
7,相鉄HD,相鉄HD,TSE,9003.T
7,東急,東急,TSE,9005.T
7,京急,京急,TSE,9006.T
7,小田急,小田急,TSE,9007.T
7,京王,京王,TSE,9008.T
7,京成,京成,TSE,9009.T
7,富士急,富士急,TSE,9010.T
7,JR東日本,JR東日本,TSE,9020.T
7,JR西日本,JR西日本,TSE,9021.T
7,JR東海,JR東海,TSE,9022.T
7,西武HD,西武HD,TSE,9024.T
7,鴻池運輸,鴻池運輸,TSE,9025.T
7,西鉄,西鉄,TSE,9031.T
7,サカイ引越,サカイ引越,TSE,9039.T
7,近鉄GHD,近鉄GHD,TSE,9041.T
7,阪急阪神,阪急阪神,TSE,9042.T
7,南海電,南海電,TSE,9044.T
7,京阪HD,京阪HD,TSE,9045.T
7,名鉄,名鉄,TSE,9048.T
7,日通,日通,TSE,9062.T
7,ヤマトHD,ヤマトHD,TSE,9064.T
7,山九,山九,TSE,9065.T
7,センコーGHD,センコーGHD,TSE,9069.T
7,ニッコンHD,ニッコンHD,TSE,9072.T
7,セイノーHD,セイノーHD,TSE,9076.T
7,日立物,日立物,TSE,9086.T
7,丸和運輸,丸和運輸,TSE,9090.T
7,郵船,郵船,TSE,9101.T
7,商船三井,商船三井,TSE,9104.T
7,川崎船,川崎船,TSE,9107.T
7,飯野海,飯野海,TSE,9119.T
7,JR九州,JR九州,TSE,9142.T
7,JAL,JAL,TSE,9201.T
7,ANA,ANA,TSE,9202.T
7,パスコ,パスコ,TSE,9232.T
7,三菱倉,三菱倉,TSE,9301.T
7,三井倉HD,三井倉HD,TSE,9302.T
7,住友倉,住友倉,TSE,9303.T
7,上組,上組,TSE,9364.T
7,郵船ロジ,郵船ロジ,TSE,9370.T
7,近鉄エクス,近鉄エクス,TSE,9375.T
7,TBSHD,TBSHD,TSE,9401.T
7,日テレHD,日テレHD,TSE,9404.T
7,テレ朝HD,テレ朝HD,TSE,9409.T
7,スカパーJ,スカパーJ,TSE,9412.T
7,ビジョン,ビジョン,TSE,9416.T
7,ワイヤレスG,ワイヤレスG,TSE,9419.T
7,日本通信,日本通信,TSE,9424.T
7,NTT,NTT,TSE,9432.T
7,KDDI,KDDI,TSE,9433.T
7,NTTドコモ,NTTドコモ,TSE,9437.T
7,GMO,GMO,TSE,9449.T
7,カドカワ,カドカワ,TSE,9468.T
7,ゼンリン,ゼンリン,TSE,9474.T
7,インプレス,インプレス,TSE,9479.T
7,東電力HD,東電力HD,TSE,9501.T
7,中部電,中部電,TSE,9502.T
7,関西電,関西電,TSE,9503.T
7,中国電,中国電,TSE,9504.T
7,北陸電,北陸電,TSE,9505.T
7,東北電,東北電,TSE,9506.T
7,四国電,四国電,TSE,9507.T
7,九州電,九州電,TSE,9508.T
7,北海電,北海電,TSE,9509.T
7,Jパワー,Jパワー,TSE,9513.T
7,イーレックス,イーレックス,TSE,9517.T
7,東ガス,東ガス,TSE,9531.T
7,大ガス,大ガス,TSE,9532.T
7,邦ガス,邦ガス,TSE,9533.T
7,静岡ガス,静岡ガス,TSE,9543.T
7,東宝,東宝,TSE,9602.T
7,エイチ･アイエス,エイチ･アイエス,TSE,9603.T
7,NTTデータ,NTTデータ,TSE,9613.T
7,共立メンテ,共立メンテ,TSE,9616.T
7,アインHD,アインHD,TSE,9627.T
7,都競馬,都競馬,TSE,9672.T
7,カナモト,カナモト,TSE,9678.T
7,ドーム,ドーム,TSE,9681.T
7,DTS,DTS,TSE,9682.T
7,スクエニHD,スクエニHD,TSE,9684.T
7,カプコン,カプコン,TSE,9697.T
7,アゴーラHG,アゴーラHG,TSE,9704.T
7,空港ビル,空港ビル,TSE,9706.T
7,トランスコスモ,トランスコスモ,TSE,9715.T
7,乃村工,乃村工,TSE,9716.T
7,SCSK,SCSK,TSE,9719.T
7,セコム,セコム,TSE,9735.T
7,アイネス,アイネス,TSE,9742.T
7,丹青社,丹青社,TSE,9743.T
7,メイテック,メイテック,TSE,9744.T
7,アサツーDK,アサツーDK,TSE,9747.T
7,船総研HD,船総研HD,TSE,9757.T
7,NSD,NSD,TSE,9759.T
7,コナミHD,コナミHD,TSE,9766.T
7,ベネッセHD,ベネッセHD,TSE,9783.T
7,福井コンピ,福井コンピ,TSE,9790.T
7,ニチイ学館,ニチイ学館,TSE,9792.T
7,ダイセキ,ダイセキ,TSE,9793.T
7,Tナカヤマ,Tナカヤマ,TSE,9830.T
7,ヤマダ電,ヤマダ電,TSE,9831.T
7,オートバクス,オートバクス,TSE,9832.T
7,ニトリHD,ニトリHD,TSE,9843.T
7,愛眼,愛眼,TSE,9854.T
7,吉野家HD,吉野家HD,TSE,9861.T
7,イノテック,イノテック,TSE,9880.T
7,ミロク情報,ミロク情報,TSE,9928.T
7,北沢産,北沢産,TSE,9930.T
7,プレナス,プレナス,TSE,9945.T
7,バローHD,バローHD,TSE,9956.T
7,ミスミG,ミスミG,TSE,9962.T
7,アルテック,アルテック,TSE,9972.T
7,ファーストリテイ,ファーストリテイ,TSE,9983.T
7,ソフトバンクG,ソフトバンクG,TSE,9984.T
7,スズケン,スズケン,TSE,9987.T
7,サンドラッグ,サンドラッグ,TSE,9989.T
7,サックスバーH,サックスバーH,TSE,9990.T
7,やまや,やまや,TSE,9994.T
7,ベルーナ,ベルーナ,TSE,9997.T