6,Japan Small Cap,Japan Small Cap
6,Japan Automotive,Japan Automotive
6,Japan Electronics,Japan Electronics
6,Japan Financial,Japan Financial
6,Japan Real Estate,Japan Real Estate
6,China Real Estate,China Real Estate
6,China Media,China Media
6,China Electronics,China Electronics
6,China Tourism,China Tourism
6,Singapore Financial,Singapore Financial
6,Malaysia Oil,Malaysia Oil
6,Malaysia Electronics,Malaysia Electronics
6,India Banks,India Banks
6,India Internet,India Internet
6,India Outsourcing,India Outsourcing
6,AEJ Rates,AEJ Rates
6,Japan Fixed Income,Japan Fixed Income
6,Global Economics,Global Economics
6,Asia Foreign Exchange,Asia Foreign Exchange
6,LatAm Foreign Exchange,LatAm Foreign Exchange
6,LatAm Economics,LatAm Economics
6,Europe Credit,Europe Credit
6,Europe Rates,Europe Rates
6,Europe Fixed Income,Europe Fixed Income
6,America Fixed Income,America Fixed Income
6,America Economics,America Economics
6,EMEA Energy,EMEA Energy
6,EMEA Financial,EMEA Financial
6,EMEA Real Estate,EMEA Real Estate